15.111.222-3,Carlos González,+56988776655
15.111.223-1,Sofía Rojas,+56911223344
15.111.224-K,Javier Díaz,+56955667788
15.111.225-8,Valentina Pérez,+56999887766
15.111.226-6,Diego Soto,+56912345678
15.111.227-4,Camila Contreras,+56987654321
15.111.228-2,Andrés Silva,+56944556677
15.111.229-0,Isabella Martínez,+56922334455
15.111.230-4,Mateo Sepúlveda,+56966778899
15.111.231-2,Florencia Morales,+56933445566
15.111.232-0,Benjamín Rodríguez,+56977889900
15.111.233-9,Antonia López,+56911234567
15.111.234-7,Vicente Fuentes,+56955554444
15.111.235-5,Martina Hernández,+56933322211
15.111.236-3,Agustín Torres,+56988899900
15.111.237-1,Emilia Araya,+56977766655
15.111.238-K,Tomás Flores,+56944433322
15.111.239-8,Julieta Espinoza,+56911100099
15.111.240-1,Joaquín Valenzuela,+56922244466
15.111.241-K,Renata Castillo,+56955566677
15.111.242-8,Lucas Ramírez,+56999988877
15.111.243-6,Isidora Reyes,+56966655544
15.111.244-4,Maximiliano Gutiérrez,+56933311188
15.111.245-2,Amanda Castro,+56988877766
15.111.246-0,Gaspar Vargas,+56922233344
15.111.247-9,Laura Núñez,+56977788899
15.111.248-7,Santiago Herrera,+56912121212
15.111.249-5,Daniela Tapia,+56934343434
15.111.250-9,Matías Maldonado,+56956565656
15.111.251-7,Catalina Paredes,+56978787878